config_name,vector_size,min_count,epochs,num_documents,num_clusters,silhouette_cosine,calinski_harabasz,davies_bouldin,subreddit_purity,cluster_sizes
vs50_mc2_ep30,50,2,30,4986,8,0.6570720672607422,442.78453440332504,1.2683293130699775,0.23606097071801044,"{'0': 23, '1': 3, '2': 259, '3': 1, '4': 196, '5': 1, '6': 4502, '7': 1}"
vs100_mc3_ep40,100,3,40,4986,8,0.4826301634311676,250.96947984957697,1.080690797751675,0.23786602486963498,"{'0': 4633, '1': 123, '2': 172, '3': 3, '4': 1, '5': 3, '6': 1, '7': 50}"
vs200_mc5_ep50,200,5,50,4986,8,0.36185556650161743,98.01536579494979,1.015269772629385,0.2170076213397513,"{'0': 51, '1': 4814, '2': 26, '3': 61, '4': 12, '5': 1, '6': 1, '7': 20}"
