config_name,vector_size,min_count,epochs,num_documents,num_clusters,silhouette_cosine,calinski_harabasz,davies_bouldin,subreddit_purity,cluster_sizes
vs50_mc2_ep3,3,2,5,4986,8,0.39264827966690063,1610.4608154296875,0.9661714979142209,0.2601283594063378,"{'0': 451, '1': 230, '2': 641, '3': 232, '4': 314, '5': 782, '6': 2253, '7': 83}"
vs50_mc2_ep30,50,2,30,4986,8,0.6335044503211975,521.3092041015625,1.3719688645373558,0.22904131568391498,"{'0': 4, '1': 195, '2': 4496, '3': 2, '4': 163, '5': 117, '6': 8, '7': 1}"
vs100_mc3_ep40,100,3,40,4986,8,0.44159382581710815,217.69046020507812,0.8958827995136466,0.22623345367027678,"{'0': 114, '1': 72, '2': 1, '3': 51, '4': 4694, '5': 1, '6': 1, '7': 52}"
vs200_mc5_ep50,200,5,50,4986,8,0.337971031665802,147.6699676513672,1.0978483069819496,0.23485760128359406,"{'0': 4703, '1': 40, '2': 11, '3': 34, '4': 1, '5': 125, '6': 70, '7': 2}"
