{
  "config_name": "vs200_mc5_ep50",
  "vector_size": 200,
  "min_count": 5,
  "epochs": 50,
  "num_documents": 4986,
  "num_clusters": 8,
  "silhouette_cosine": 0.337971031665802,
  "calinski_harabasz": 147.6699676513672,
  "davies_bouldin": 1.0978483069819496,
  "subreddit_purity": 0.23485760128359406,
  "cluster_sizes": {
    "0": 4703,
    "1": 40,
    "2": 11,
    "3": 34,
    "4": 1,
    "5": 125,
    "6": 70,
    "7": 2
  }
}