{
  "config_name": "vs100_mc3_ep40",
  "vector_size": 100,
  "min_count": 3,
  "epochs": 40,
  "num_documents": 4986,
  "num_clusters": 8,
  "silhouette_cosine": 0.44159382581710815,
  "calinski_harabasz": 217.69046020507812,
  "davies_bouldin": 0.8958827995136466,
  "subreddit_purity": 0.22623345367027678,
  "cluster_sizes": {
    "0": 114,
    "1": 72,
    "2": 1,
    "3": 51,
    "4": 4694,
    "5": 1,
    "6": 1,
    "7": 52
  }
}