{
  "config_name": "vs100_mc3_ep40",
  "vector_size": 100,
  "min_count": 3,
  "epochs": 40,
  "num_documents": 4986,
  "num_clusters": 8,
  "silhouette_cosine": 0.4826301634311676,
  "calinski_harabasz": 250.96947984957697,
  "davies_bouldin": 1.080690797751675,
  "subreddit_purity": 0.23786602486963498,
  "cluster_sizes": {
    "0": 4633,
    "1": 123,
    "2": 172,
    "3": 3,
    "4": 1,
    "5": 3,
    "6": 1,
    "7": 50
  }
}