{
  "config_name": "vs50_mc2_ep30",
  "vector_size": 50,
  "min_count": 2,
  "epochs": 30,
  "num_documents": 4986,
  "num_clusters": 8,
  "silhouette_cosine": 0.6570720672607422,
  "calinski_harabasz": 442.78453440332504,
  "davies_bouldin": 1.2683293130699775,
  "subreddit_purity": 0.23606097071801044,
  "cluster_sizes": {
    "0": 23,
    "1": 3,
    "2": 259,
    "3": 1,
    "4": 196,
    "5": 1,
    "6": 4502,
    "7": 1
  }
}