{
  "config_name": "vs50_mc2_ep30",
  "vector_size": 50,
  "min_count": 2,
  "epochs": 30,
  "num_documents": 4986,
  "num_clusters": 8,
  "silhouette_cosine": 0.6335044503211975,
  "calinski_harabasz": 521.3092041015625,
  "davies_bouldin": 1.3719688645373558,
  "subreddit_purity": 0.22904131568391498,
  "cluster_sizes": {
    "0": 4,
    "1": 195,
    "2": 4496,
    "3": 2,
    "4": 163,
    "5": 117,
    "6": 8,
    "7": 1
  }
}